,permissions,Latitude,Longitude,geojson_geometry,geometry,links_self,links_assets,links_thumbnail,image id,acquired,anomalous_pixels,clear_confidence_percent,clear_percent,cloud_cover,cloud_percent,columns,epsg_code,ground_control,gsd,heavy_haze_percent,instrument,item_type,light_haze_percent,origin_x,origin_y,pixel_resolution,provider,published,publishing_stage,quality_category,rows,satellite_id,shadow_percent,snow_ice_percent,strip_id,sun_azimuth,sun_elevation,updated,view_angle,visible_confidence_percent,visible_percent
0,assets.analytic_sr:download,83.4825,19.1145,"{'type': 'Polygon', 'coordinates': [[[82.4825, 18.1145], [84.4825, 18.1145], [84.4825, 20.1145], [82.4825, 20.1145], [82.4825, 18.1145]]]}","[[[84.4603931897589, 19.857184125165777], [84.49293210860415, 19.70050158695872], [84.74107955720794, 19.74700907725844], [84.7086960839751, 19.90329249288221], [84.4603931897589, 19.857184125165777]]]",https://api.planet.com/data/v1/item-types/PSScene4Band/items/20190804_052048_55_1065,https://api.planet.com/data/v1/item-types/PSScene4Band/items/20190804_052048_55_1065/assets/,https://tiles.planet.com/data/v1/item-types/PSScene4Band/items/20190804_052048_55_1065/thumb,20190804_052048_55_1065,2019-08-04T05:20:48.552477Z,0.0,45,16,0.26,74,9749,32645,True,4.0,1,PS2.SD,PSScene4Band,9,234036,2202414,3,planetscope,2019-09-26T04:08:56Z,finalized,test,7379,1065,0,0,2573814,96.4,74.2,2019-09-26T04:08:56Z,3.0,51,26
1,assets.analytic_sr:download,83.4825,19.1145,"{'type': 'Polygon', 'coordinates': [[[82.4825, 18.1145], [84.4825, 18.1145], [84.4825, 20.1145], [82.4825, 20.1145], [82.4825, 18.1145]]]}","[[[83.74000982889572, 18.326373722326338], [83.70868517876055, 18.1757012376144], [83.93491952044452, 18.136108478224628], [83.96605825096886, 18.28618651635158], [83.74000982889572, 18.326373722326338]]]",https://api.planet.com/data/v1/item-types/PSScene4Band/items/20190804_044919_54_105d,https://api.planet.com/data/v1/item-types/PSScene4Band/items/20190804_044919_54_105d/assets/,https://tiles.planet.com/data/v1/item-types/PSScene4Band/items/20190804_044919_54_105d/thumb,20190804_044919_54_105d,2019-08-04T04:49:19.5421Z,0.0,39,7,0.29,87,9017,32644,False,3.7,2,PS2.SD,PSScene4Band,5,786549,2028474,3,planetscope,2019-09-26T03:52:30Z,finalized,test,6918,105d,0,0,2574263,88.1,66.1,2019-09-26T03:52:30Z,3.0,49,12
2,assets.analytic_sr:download,83.4825,19.1145,"{'type': 'Polygon', 'coordinates': [[[82.4825, 18.1145], [84.4825, 18.1145], [84.4825, 20.1145], [82.4825, 20.1145], [82.4825, 18.1145]]]}","[[[83.7672894380367, 18.4568798874159], [83.73761775031518, 18.31326649175271], [83.96299027471967, 18.270613160304787], [83.9929425200402, 18.413824140800312], [83.7672894380367, 18.4568798874159]]]",https://api.planet.com/data/v1/item-types/PSScene4Band/items/20190804_044917_51_105d,https://api.planet.com/data/v1/item-types/PSScene4Band/items/20190804_044917_51_105d/assets/,https://tiles.planet.com/data/v1/item-types/PSScene4Band/items/20190804_044917_51_105d/thumb,20190804_044917_51_105d,2019-08-04T04:49:17.516251Z,0.0,68,40,0.24,28,8942,32644,True,3.7,3,PS2.SD,PSScene4Band,30,789384,2042970,3,planetscope,2019-09-26T03:52:30Z,finalized,standard,6768,105d,0,0,2574263,88.4,66.1,2019-09-26T03:52:30Z,3.0,63,70
3,assets.analytic_sr:download,83.4825,19.1145,"{'type': 'Polygon', 'coordinates': [[[82.4825, 18.1145], [84.4825, 18.1145], [84.4825, 20.1145], [82.4825, 20.1145], [82.4825, 18.1145]]]}","[[[83.79381049608537, 18.58606772516944], [83.7638592536495, 18.44258630536316], [83.98959671640765, 18.400005518403752], [84.01938157635318, 18.543158898226835], [83.79381049608537, 18.58606772516944]]]",https://api.planet.com/data/v1/item-types/PSScene4Band/items/20190804_044915_49_105d,https://api.planet.com/data/v1/item-types/PSScene4Band/items/20190804_044915_49_105d/assets/,https://tiles.planet.com/data/v1/item-types/PSScene4Band/items/20190804_044915_49_105d/thumb,20190804_044915_49_105d,2019-08-04T04:49:15.490927Z,0.0,44,13,0.26,68,8942,32644,True,3.7,4,PS2.SD,PSScene4Band,14,791940,2057322,3,planetscope,2019-09-26T03:52:30Z,finalized,standard,6760,105d,0,0,2574263,88.7,66.1,2019-09-26T03:52:30Z,3.1,51,27
4,assets.analytic_sr:download,83.4825,19.1145,"{'type': 'Polygon', 'coordinates': [[[82.4825, 18.1145], [84.4825, 18.1145], [84.4825, 20.1145], [82.4825, 20.1145], [82.4825, 18.1145]]]}","[[[83.81988315329335, 18.71481591624299], [83.79053298597682, 18.573287454921303], [84.01613301101905, 18.53077732183881], [84.04569456804678, 18.67186134619542], [83.81988315329335, 18.71481591624299]]]",https://api.planet.com/data/v1/item-types/PSScene4Band/items/20190804_044913_46_105d,https://api.planet.com/data/v1/item-types/PSScene4Band/items/20190804_044913_46_105d/assets/,https://tiles.planet.com/data/v1/item-types/PSScene4Band/items/20190804_044913_46_105d/thumb,20190804_044913_46_105d,2019-08-04T04:49:13.465602Z,0.0,43,11,0.26,78,8923,32644,True,3.7,2,PS2.SD,PSScene4Band,9,794535,2071623,3,planetscope,2019-09-26T03:52:30Z,finalized,standard,6683,105d,0,0,2574263,89.0,66.1,2019-09-26T03:52:30Z,3.1,52,20
5,assets.analytic_sr:download,83.4825,19.1145,"{'type': 'Polygon', 'coordinates': [[[82.4825, 18.1145], [84.4825, 18.1145], [84.4825, 20.1145], [82.4825, 20.1145], [82.4825, 18.1145]]]}","[[[84.715879138841, 18.701240426648432], [84.47511591477186, 18.747236702730888], [84.4907956163438, 18.82096473691051], [84.73100656516304, 18.775500098792243], [84.72860626856215, 18.76427851077235], [84.72924275470697, 18.764157930182556], [84.715879138841, 18.701240426648432]]]",https://api.planet.com/data/v1/item-types/PSScene4Band/items/20190809_043235_1044,https://api.planet.com/data/v1/item-types/PSScene4Band/items/20190809_043235_1044/assets/,https://tiles.planet.com/data/v1/item-types/PSScene4Band/items/20190809_043235_1044/thumb,20190809_043235_1044,2019-08-09T04:32:35.22252Z,0.01,97,100,0.01,0,9012,32645,True,3.9,0,PS2,PSScene4Band,0,233787,2082888,3,planetscope,2019-08-10T04:44:42Z,finalized,standard,4526,1044,0,0,2586740,91.3,62.7,2019-08-10T04:44:42Z,2.0,82,100
6,assets.analytic_sr:download,83.4825,19.1145,"{'type': 'Polygon', 'coordinates': [[[82.4825, 18.1145], [84.4825, 18.1145], [84.4825, 20.1145], [82.4825, 20.1145], [82.4825, 18.1145]]]}","[[[83.53517284690513, 18.230193863980418], [83.54640744811172, 18.282730550712465], [83.78615125334487, 18.236771688146213], [83.78334815645184, 18.223752736463], [83.7835250638672, 18.22371860977331], [83.7787568808039, 18.20080880746965], [83.77050095966916, 18.16243146982308], [83.53068881179912, 18.208592628626295], [83.53517284690513, 18.230193863980418]]]",https://api.planet.com/data/v1/item-types/PSScene4Band/items/20190809_043723_1040,https://api.planet.com/data/v1/item-types/PSScene4Band/items/20190809_043723_1040/assets/,https://tiles.planet.com/data/v1/item-types/PSScene4Band/items/20190809_043723_1040/thumb,20190809_043723_1040,2019-08-09T04:37:23.6096Z,0.0,77,78,0.07,10,8997,32644,True,3.9,1,PS2,PSScene4Band,10,767658,2023344,3,planetscope,2019-08-10T04:44:12Z,finalized,standard,4326,1040,1,0,2586735,90.4,62.6,2019-08-10T04:44:12Z,2.0,60,89
7,assets.analytic_sr:download,83.4825,19.1145,"{'type': 'Polygon', 'coordinates': [[[82.4825, 18.1145], [84.4825, 18.1145], [84.4825, 20.1145], [82.4825, 20.1145], [82.4825, 18.1145]]]}","[[[83.59982864338296, 18.534912668244203], [83.60301129419162, 18.5496883256029], [83.84312946608821, 18.503399826806405], [83.84265398315523, 18.501137855212324], [83.84035612921305, 18.490379206177987], [83.8403910176479, 18.490372455781923], [83.82750553864287, 18.429073541639422], [83.587435670094, 18.47552687364166], [83.59907744480235, 18.531272390338444], [83.59906938118206, 18.531273953749544], [83.59982864338296, 18.534912668244203]]]",https://api.planet.com/data/v1/item-types/PSScene4Band/items/20190809_043719_1040,https://api.planet.com/data/v1/item-types/PSScene4Band/items/20190809_043719_1040/assets/,https://tiles.planet.com/data/v1/item-types/PSScene4Band/items/20190809_043719_1040/thumb,20190809_043719_1040,2019-08-09T04:37:19.401664Z,0.0,71,68,0.25,29,8992,32644,True,3.9,0,PS2,PSScene4Band,1,773241,2052990,3,planetscope,2019-08-10T04:44:08Z,finalized,standard,4334,1040,2,0,2586735,90.9,62.7,2019-08-10T04:44:08Z,2.0,56,71
8,assets.analytic_sr:download,83.4825,19.1145,"{'type': 'Polygon', 'coordinates': [[[82.4825, 18.1145], [84.4825, 18.1145], [84.4825, 20.1145], [82.4825, 20.1145], [82.4825, 18.1145]]]}","[[[83.84148536094702, 18.49566631676458], [83.60135887947956, 18.542113464644746], [83.61732135813405, 18.61621541215397], [83.85715574215074, 18.569918241734076], [83.85433713203389, 18.55697883421345], [83.85457096413359, 18.556933662570554], [83.84148536094702, 18.49566631676458]]]",https://api.planet.com/data/v1/item-types/PSScene4Band/items/20190809_043718_1040,https://api.planet.com/data/v1/item-types/PSScene4Band/items/20190809_043718_1040/assets/,https://tiles.planet.com/data/v1/item-types/PSScene4Band/items/20190809_043718_1040/thumb,20190809_043718_1040,2019-08-09T04:37:18.349418Z,0.0,82,84,0.17,15,8992,32644,True,3.9,0,PS2,PSScene4Band,0,774606,2060379,3,planetscope,2019-08-10T04:44:07Z,finalized,standard,4331,1040,1,0,2586735,91.0,62.7,2019-08-10T04:44:07Z,2.0,58,85
9,assets.analytic_sr:download,83.4825,19.1145,"{'type': 'Polygon', 'coordinates': [[[82.4825, 18.1145], [84.4825, 18.1145], [84.4825, 20.1145], [82.4825, 20.1145], [82.4825, 18.1145]]]}","[[[83.57044995942393, 18.397557758225982], [83.5718062494818, 18.403874564277725], [83.57205264045017, 18.40382686243144], [83.57463483469614, 18.416197395664184], [83.81443720910084, 18.37004940344969], [83.80041229993091, 18.303228568144966], [83.79878354241298, 18.295708122021228], [83.55887270445797, 18.342069397731315], [83.57044995942393, 18.397557758225982]]]",https://api.planet.com/data/v1/item-types/PSScene4Band/items/20190809_043721_1040,https://api.planet.com/data/v1/item-types/PSScene4Band/items/20190809_043721_1040/assets/,https://tiles.planet.com/data/v1/item-types/PSScene4Band/items/20190809_043721_1040/thumb,20190809_043721_1040,2019-08-09T04:37:21.505632Z,0.0,82,92,0.06,8,8994,32644,True,3.9,0,PS2,PSScene4Band,0,770433,2038167,3,planetscope,2019-08-10T04:44:06Z,finalized,standard,4332,1040,0,0,2586735,90.6,62.7,2019-08-10T04:44:06Z,2.0,61,92
10,assets.analytic_sr:download,83.4825,19.1145,"{'type': 'Polygon', 'coordinates': [[[82.4825, 18.1145], [84.4825, 18.1145], [84.4825, 20.1145], [82.4825, 20.1145], [82.4825, 18.1145]]]}","[[[84.4698899521276, 18.721996674535497], [84.47676064853954, 18.754245766204733], [84.7173242648864, 18.70804425309639], [84.714985697947, 18.697033999947063], [84.71640788289002, 18.6967621648969], [84.70691724671866, 18.649385758092237], [84.70357767844773, 18.633218792255278], [84.46124599829737, 18.680137696346385], [84.4698899521276, 18.721996674535497]]]",https://api.planet.com/data/v1/item-types/PSScene4Band/items/20190809_043236_1044,https://api.planet.com/data/v1/item-types/PSScene4Band/items/20190809_043236_1044/assets/,https://tiles.planet.com/data/v1/item-types/PSScene4Band/items/20190809_043236_1044/thumb,20190809_043236_1044,2019-08-09T04:32:36.275814Z,0.01,98,100,0.0,0,9022,32645,True,3.9,0,PS2,PSScene4Band,0,232218,2075520,3,planetscope,2019-08-10T04:44:06Z,finalized,standard,4575,1044,0,0,2586740,91.2,62.7,2019-08-10T04:44:06Z,2.0,98,100
11,assets.analytic_sr:download,83.4825,19.1145,"{'type': 'Polygon', 'coordinates': [[[82.4825, 18.1145], [84.4825, 18.1145], [84.4825, 20.1145], [82.4825, 20.1145], [82.4825, 18.1145]]]}","[[[83.55979164829054, 18.34647378260545], [83.56042051732129, 18.3494111459853], [83.80032965870804, 18.303337304374196], [83.79536422909945, 18.279561249401006], [83.78448628869033, 18.229038778718202], [83.54461704578111, 18.275297758306863], [83.54685869996369, 18.286065705642685], [83.55772088321935, 18.336801515104515], [83.55777155421809, 18.33679171993558], [83.55979164829054, 18.34647378260545]]]",https://api.planet.com/data/v1/item-types/PSScene4Band/items/20190809_043722_1040,https://api.planet.com/data/v1/item-types/PSScene4Band/items/20190809_043722_1040/assets/,https://tiles.planet.com/data/v1/item-types/PSScene4Band/items/20190809_043722_1040/thumb,20190809_043722_1040,2019-08-09T04:37:22.557878Z,0.01,75,79,0.1,13,9002,32644,True,3.9,0,PS2,PSScene4Band,7,769029,2030748,3,planetscope,2019-08-10T04:44:05Z,finalized,standard,4328,1040,0,0,2586735,90.5,62.6,2019-08-10T04:44:05Z,2.0,59,87
12,assets.analytic_sr:download,83.4825,19.1145,"{'type': 'Polygon', 'coordinates': [[[82.4825, 18.1145], [84.4825, 18.1145], [84.4825, 20.1145], [82.4825, 20.1145], [82.4825, 18.1145]]]}","[[[83.75926590714799, 19.288801176868994], [83.77200464601209, 19.347685536018016], [84.0121442439276, 19.301523674221123], [84.00927570051024, 19.2883865202611], [84.01028991952472, 19.288191248296517], [84.00749857016085, 19.274889830835818], [83.99718663286163, 19.227115708800856], [83.7560703954444, 19.2735645107593], [83.75926590714799, 19.288801176868994]]]",https://api.planet.com/data/v1/item-types/PSScene4Band/items/20190809_043706_1040,https://api.planet.com/data/v1/item-types/PSScene4Band/items/20190809_043706_1040/assets/,https://tiles.planet.com/data/v1/item-types/PSScene4Band/items/20190809_043706_1040/thumb,20190809_043706_1040,2019-08-09T04:37:06.776285Z,0.01,97,100,0.12,0,8962,32644,True,3.9,0,PS2,PSScene4Band,0,789684,2141637,3,planetscope,2019-08-10T04:44:05Z,finalized,standard,4322,1040,0,0,2586735,92.5,62.8,2019-08-10T04:44:05Z,2.0,73,100
13,assets.analytic_sr:download,83.4825,19.1145,"{'type': 'Polygon', 'coordinates': [[[82.4825, 18.1145], [84.4825, 18.1145], [84.4825, 20.1145], [82.4825, 20.1145], [82.4825, 18.1145]]]}","[[[83.63070396143583, 18.68055956482384], [83.63118081937388, 18.682775036756265], [83.87119440526062, 18.636497779857518], [83.86039457209472, 18.5847867545109], [83.85548737584861, 18.562259264230278], [83.61543301343697, 18.608623444671657], [83.62225497003185, 18.641305728787287], [83.62845217579925, 18.670097816203075], [83.62852117480404, 18.670084491609607], [83.63070396143583, 18.68055956482384]]]",https://api.planet.com/data/v1/item-types/PSScene4Band/items/20190809_043717_1040,https://api.planet.com/data/v1/item-types/PSScene4Band/items/20190809_043717_1040/assets/,https://tiles.planet.com/data/v1/item-types/PSScene4Band/items/20190809_043717_1040/thumb,20190809_043717_1040,2019-08-09T04:37:17.297172Z,0.0,81,93,0.09,7,8987,32644,True,3.9,0,PS2,PSScene4Band,0,775986,2067771,3,planetscope,2019-08-10T04:44:04Z,finalized,standard,4329,1040,0,0,2586735,91.2,62.7,2019-08-10T04:44:04Z,2.0,56,93
14,assets.analytic_sr:download,83.4825,19.1145,"{'type': 'Polygon', 'coordinates': [[[82.4825, 18.1145], [84.4825, 18.1145], [84.4825, 20.1145], [82.4825, 20.1145], [82.4825, 18.1145]]]}","[[[83.63692299451037, 18.71040436313278], [83.64533999489028, 18.749509074132185], [83.88572461267816, 18.703276971433887], [83.88295338970617, 18.690535277005146], [83.88303100494653, 18.690520301642643], [83.87114436582502, 18.634974148225982], [83.86983403628471, 18.628986747906428], [83.62962156524652, 18.675365204933286], [83.63692299451037, 18.71040436313278]]]",https://api.planet.com/data/v1/item-types/PSScene4Band/items/20190809_043716_1040,https://api.planet.com/data/v1/item-types/PSScene4Band/items/20190809_043716_1040/assets/,https://tiles.planet.com/data/v1/item-types/PSScene4Band/items/20190809_043716_1040/thumb,20190809_043716_1040,2019-08-09T04:37:16.244926Z,0.01,86,97,0.09,1,8995,32644,True,3.9,0,PS2,PSScene4Band,2,777375,2075184,3,planetscope,2019-08-10T04:44:02Z,finalized,standard,4328,1040,0,0,2586735,91.3,62.7,2019-08-10T04:44:02Z,2.0,58,99
15,assets.analytic_sr:download,83.4825,19.1145,"{'type': 'Polygon', 'coordinates': [[[82.4825, 18.1145], [84.4825, 18.1145], [84.4825, 20.1145], [82.4825, 20.1145], [82.4825, 18.1145]]]}","[[[83.58206309047021, 18.451783984495634], [83.5860493473291, 18.47030313366005], [83.58633327836014, 18.470248177021507], [83.58903930371662, 18.4832057187598], [83.82888294719469, 18.436978559025206], [83.81709701009032, 18.380905900632083], [83.813149075406, 18.362655399043675], [83.57315415525396, 18.40910389591097], [83.58206309047021, 18.451783984495634]]]",https://api.planet.com/data/v1/item-types/PSScene4Band/items/20190809_043720_1040,https://api.planet.com/data/v1/item-types/PSScene4Band/items/20190809_043720_1040/assets/,https://tiles.planet.com/data/v1/item-types/PSScene4Band/items/20190809_043720_1040/thumb,20190809_043720_1040,2019-08-09T04:37:20.453386Z,0.0,82,87,0.11,12,8996,32644,True,3.9,0,PS2,PSScene4Band,0,771837,2045607,3,planetscope,2019-08-10T04:44:00Z,finalized,standard,4333,1040,1,0,2586735,90.8,62.7,2019-08-10T04:44:00Z,2.0,60,88
16,assets.analytic_sr:download,83.4825,19.1145,"{'type': 'Polygon', 'coordinates': [[[82.4825, 18.1145], [84.4825, 18.1145], [84.4825, 20.1145], [82.4825, 20.1145], [82.4825, 18.1145]]]}","[[[83.75712026068976, 19.278570421451356], [83.7577389050943, 19.281428714973472], [83.9988134604657, 19.23509505755768], [83.98284172423524, 19.160828146883034], [83.74204779509782, 19.207267515166937], [83.75331137868926, 19.260972423847964], [83.75489683050515, 19.268297611987855], [83.75496311579872, 19.268284839828215], [83.75712026068976, 19.278570421451356]]]",https://api.planet.com/data/v1/item-types/PSScene4Band/items/20190809_043707_1040,https://api.planet.com/data/v1/item-types/PSScene4Band/items/20190809_043707_1040/assets/,https://tiles.planet.com/data/v1/item-types/PSScene4Band/items/20190809_043707_1040/thumb,20190809_043707_1040,2019-08-09T04:37:07.828531Z,0.01,97,100,0.19,0,8990,32644,True,3.9,0,PS2,PSScene4Band,0,788325,2134272,3,planetscope,2019-08-10T04:44:00Z,finalized,standard,4323,1040,0,0,2586735,92.4,62.8,2019-08-10T04:44:00Z,2.0,88,100
17,assets.analytic_sr:download,83.4825,19.1145,"{'type': 'Polygon', 'coordinates': [[[82.4825, 18.1145], [84.4825, 18.1145], [84.4825, 20.1145], [82.4825, 20.1145], [82.4825, 18.1145]]]}","[[[83.7022367045942, 19.02904047710916], [83.71104627724262, 19.069865537428637], [83.71165308291299, 19.069748549769017], [83.7143970736135, 19.08283627904185], [83.95455860676174, 19.036679582301698], [83.94373973779406, 18.985621562009996], [83.93864952239946, 18.96244024490203], [83.69800630700911, 19.008832710529823], [83.7022367045942, 19.02904047710916]]]",https://api.planet.com/data/v1/item-types/PSScene4Band/items/20190809_043710_1040,https://api.planet.com/data/v1/item-types/PSScene4Band/items/20190809_043710_1040/assets/,https://tiles.planet.com/data/v1/item-types/PSScene4Band/items/20190809_043710_1040/thumb,20190809_043710_1040,2019-08-09T04:37:10.984745Z,0.01,95,100,0.22,0,8993,32644,True,3.9,0,PS2,PSScene4Band,0,784032,2112207,3,planetscope,2019-08-10T04:43:59Z,finalized,standard,4319,1040,0,0,2586735,92.0,62.7,2019-08-10T04:43:59Z,1.9,85,100
18,assets.analytic_sr:download,83.4825,19.1145,"{'type': 'Polygon', 'coordinates': [[[82.4825, 18.1145], [84.4825, 18.1145], [84.4825, 20.1145], [82.4825, 20.1145], [82.4825, 18.1145]]]}","[[[84.02401132366653, 19.360594633643487], [83.783348439081, 19.40686262233191], [83.7993671922525, 19.480952764659442], [84.03932310524824, 19.434902256783733], [84.03657615792659, 19.422501648913883], [84.03719841289714, 19.42238213086375], [84.02401132366653, 19.360594633643487]]]",https://api.planet.com/data/v1/item-types/PSScene4Band/items/20190809_043704_1040,https://api.planet.com/data/v1/item-types/PSScene4Band/items/20190809_043704_1040/assets/,https://tiles.planet.com/data/v1/item-types/PSScene4Band/items/20190809_043704_1040/thumb,20190809_043704_1040,2019-08-09T04:37:04.672317Z,0.01,89,97,0.1,3,8951,32644,True,3.9,0,PS2,PSScene4Band,0,792315,2156442,3,planetscope,2019-08-10T04:43:58Z,finalized,standard,4312,1040,1,0,2586735,92.8,62.8,2019-08-10T04:43:58Z,2.0,75,97
19,assets.analytic_sr:download,83.4825,19.1145,"{'type': 'Polygon', 'coordinates': [[[82.4825, 18.1145], [84.4825, 18.1145], [84.4825, 20.1145], [82.4825, 20.1145], [82.4825, 18.1145]]]}","[[[83.91155730295975, 18.829179401578607], [83.67139967107994, 18.875443220003522], [83.68733732626367, 18.949491562963015], [83.92628010520143, 18.90367493080538], [83.92353232171521, 18.890730986082872], [83.92482662769052, 18.890481429025897], [83.91155730295975, 18.829179401578607]]]",https://api.planet.com/data/v1/item-types/PSScene4Band/items/20190809_043713_1040,https://api.planet.com/data/v1/item-types/PSScene4Band/items/20190809_043713_1040/assets/,https://tiles.planet.com/data/v1/item-types/PSScene4Band/items/20190809_043713_1040/thumb,20190809_043713_1040,2019-08-09T04:37:13.088712Z,0.01,91,92,0.26,7,8941,32644,True,3.9,0,PS2,PSScene4Band,0,781452,2097396,3,planetscope,2019-08-10T04:43:55Z,finalized,standard,4318,1040,1,0,2586735,91.7,62.7,2019-08-10T04:43:55Z,1.9,76,93
20,assets.analytic_sr:download,83.4825,19.1145,"{'type': 'Polygon', 'coordinates': [[[82.4825, 18.1145], [84.4825, 18.1145], [84.4825, 20.1145], [82.4825, 20.1145], [82.4825, 18.1145]]]}","[[[83.9246548639411, 18.896018929835908], [83.68483306492779, 18.942243077188117], [83.70081670068772, 19.016341964638098], [83.94036790303633, 18.970265911080702], [83.9374905361999, 18.957162113323555], [83.93762887869062, 18.957135437227972], [83.9246548639411, 18.896018929835908]]]",https://api.planet.com/data/v1/item-types/PSScene4Band/items/20190809_043712_1040,https://api.planet.com/data/v1/item-types/PSScene4Band/items/20190809_043712_1040/assets/,https://tiles.planet.com/data/v1/item-types/PSScene4Band/items/20190809_043712_1040/thumb,20190809_043712_1040,2019-08-09T04:37:12.036991Z,0.01,94,100,0.23,0,8960,32644,True,3.9,0,PS2,PSScene4Band,0,782757,2104821,3,planetscope,2019-08-10T04:43:52Z,finalized,standard,4317,1040,0,0,2586735,91.8,62.7,2019-08-10T04:43:52Z,1.9,76,100
21,assets.analytic_sr:download,83.4825,19.1145,"{'type': 'Polygon', 'coordinates': [[[82.4825, 18.1145], [84.4825, 18.1145], [84.4825, 20.1145], [82.4825, 20.1145], [82.4825, 18.1145]]]}","[[[83.51959533324852, 18.155814042442426], [83.53243012233376, 18.216058765776207], [83.77216421376815, 18.17016304369682], [83.76936338377234, 18.157143491222236], [83.76950578386963, 18.15711607250744], [83.76458404540747, 18.13348986989814], [83.75651873791934, 18.095830587603306], [83.51671037238629, 18.141897467396415], [83.51959533324852, 18.155814042442426]]]",https://api.planet.com/data/v1/item-types/PSScene4Band/items/20190809_043724_1040,https://api.planet.com/data/v1/item-types/PSScene4Band/items/20190809_043724_1040/assets/,https://tiles.planet.com/data/v1/item-types/PSScene4Band/items/20190809_043724_1040/thumb,20190809_043724_1040,2019-08-09T04:37:24.661846Z,0.01,70,61,0.19,20,9000,32644,True,3.9,5,PS2,PSScene4Band,13,766281,2015943,3,planetscope,2019-08-10T04:43:49Z,finalized,standard,4325,1040,1,0,2586735,90.2,62.6,2019-08-10T04:43:49Z,2.0,59,75
22,assets.analytic_sr:download,83.4825,19.1145,"{'type': 'Polygon', 'coordinates': [[[82.4825, 18.1145], [84.4825, 18.1145], [84.4825, 20.1145], [82.4825, 20.1145], [82.4825, 18.1145]]]}","[[[83.51830046097916, 18.149567792329492], [83.75781514126199, 18.103745669543166], [83.7423709997944, 18.029346765978502], [83.50287871200709, 18.07536919398483], [83.51552840907452, 18.136636584321757], [83.51561627053235, 18.13661970063097], [83.51830046097916, 18.149567792329492]]]",https://api.planet.com/data/v1/item-types/PSScene4Band/items/20190809_043725_1040,https://api.planet.com/data/v1/item-types/PSScene4Band/items/20190809_043725_1040/assets/,https://tiles.planet.com/data/v1/item-types/PSScene4Band/items/20190809_043725_1040/thumb,20190809_043725_1040,2019-08-09T04:37:25.714092Z,0.0,82,49,0.19,12,8985,32644,True,3.9,20,PS2,PSScene4Band,19,764916,2008560,3,planetscope,2019-08-10T04:43:44Z,finalized,standard,4326,1040,1,0,2586735,90.1,62.6,2019-08-10T04:43:44Z,2.0,59,68
23,assets.analytic_sr:download,83.4825,19.1145,"{'type': 'Polygon', 'coordinates': [[[82.4825, 18.1145], [84.4825, 18.1145], [84.4825, 20.1145], [82.4825, 20.1145], [82.4825, 18.1145]]]}","[[[83.64733024369134, 18.75977170380833], [83.65950241262195, 18.81627411248664], [83.89974830383808, 18.770157987577218], [83.89696467767429, 18.75730977728757], [83.89737114866998, 18.75723145300206], [83.89424473349206, 18.74245129158202], [83.88410240309406, 18.695818279358598], [83.64366425706173, 18.742192655426965], [83.64733024369134, 18.75977170380833]]]",https://api.planet.com/data/v1/item-types/PSScene4Band/items/20190809_043715_1040,https://api.planet.com/data/v1/item-types/PSScene4Band/items/20190809_043715_1040/assets/,https://tiles.planet.com/data/v1/item-types/PSScene4Band/items/20190809_043715_1040/thumb,20190809_043715_1040,2019-08-09T04:37:15.193204Z,0.01,85,87,0.28,11,8990,32644,True,3.9,0,PS2,PSScene4Band,0,778749,2082600,3,planetscope,2019-08-10T04:43:43Z,finalized,standard,4325,1040,1,0,2586735,91.4,62.7,2019-08-10T04:43:43Z,2.0,62,89
24,assets.analytic_sr:download,83.4825,19.1145,"{'type': 'Polygon', 'coordinates': [[[82.4825, 18.1145], [84.4825, 18.1145], [84.4825, 20.1145], [82.4825, 20.1145], [82.4825, 18.1145]]]}","[[[83.7294458772319, 19.148996313336006], [83.96865863527985, 19.102977905289876], [83.95313124269067, 19.028694246720192], [83.71276043291317, 19.075030162789734], [83.72553169771406, 19.135943946555393], [83.72666188194682, 19.13572608799956], [83.7294458772319, 19.148996313336006]]]",https://api.planet.com/data/v1/item-types/PSScene4Band/items/20190809_043709_1040,https://api.planet.com/data/v1/item-types/PSScene4Band/items/20190809_043709_1040/assets/,https://tiles.planet.com/data/v1/item-types/PSScene4Band/items/20190809_043709_1040/thumb,20190809_043709_1040,2019-08-09T04:37:09.932499Z,0.01,92,97,0.11,2,8966,32644,True,3.9,0,PS2,PSScene4Band,0,785472,2119560,3,planetscope,2019-08-10T04:43:43Z,finalized,standard,4315,1040,0,0,2586735,92.1,62.7,2019-08-10T04:43:43Z,1.9,67,98
25,assets.analytic_sr:download,83.4825,19.1145,"{'type': 'Polygon', 'coordinates': [[[82.4825, 18.1145], [84.4825, 18.1145], [84.4825, 20.1145], [82.4825, 20.1145], [82.4825, 18.1145]]]}","[[[83.81251682971774, 19.549525779095116], [83.82401139532536, 19.602657708411638], [83.8240960763777, 19.602641430297695], [83.82672021601269, 19.615161870335196], [84.06820118239693, 19.568899412636547], [84.06393237607587, 19.54872324111464], [84.05217191093482, 19.494689322134832], [83.81074366965181, 19.54107668755417], [83.81251682971774, 19.549525779095116]]]",https://api.planet.com/data/v1/item-types/PSScene4Band/items/20190809_043702_1040,https://api.planet.com/data/v1/item-types/PSScene4Band/items/20190809_043702_1040/assets/,https://tiles.planet.com/data/v1/item-types/PSScene4Band/items/20190809_043702_1040/thumb,20190809_043702_1040,2019-08-09T04:37:02.567825Z,0.0,79,88,0.2,10,8995,32644,True,3.9,0,PS2,PSScene4Band,1,794952,2171355,3,planetscope,2019-08-10T04:43:38Z,finalized,standard,4314,1040,2,0,2586735,93.0,62.8,2019-08-10T04:43:38Z,2.0,64,90
26,assets.analytic_sr:download,83.4825,19.1145,"{'type': 'Polygon', 'coordinates': [[[82.4825, 18.1145], [84.4825, 18.1145], [84.4825, 20.1145], [82.4825, 20.1145], [82.4825, 18.1145]]]}","[[[83.74369302814311, 19.21511200708548], [83.98333008167778, 19.16897393134761], [83.9678953653322, 19.09472812351816], [83.7277694338655, 19.141005358266877], [83.7405779923902, 19.202058787045637], [83.74094069281968, 19.201988837536035], [83.74369302814311, 19.21511200708548]]]",https://api.planet.com/data/v1/item-types/PSScene4Band/items/20190809_043708_1040,https://api.planet.com/data/v1/item-types/PSScene4Band/items/20190809_043708_1040/assets/,https://tiles.planet.com/data/v1/item-types/PSScene4Band/items/20190809_043708_1040/thumb,20190809_043708_1040,2019-08-09T04:37:08.880777Z,0.01,98,99,0.1,1,8950,32644,True,3.9,0,PS2,PSScene4Band,0,786939,2126904,3,planetscope,2019-08-10T04:43:35Z,finalized,standard,4316,1040,0,0,2586735,92.2,62.7,2019-08-10T04:43:35Z,2.0,77,99
27,assets.analytic_sr:download,83.4825,19.1145,"{'type': 'Polygon', 'coordinates': [[[82.4825, 18.1145], [84.4825, 18.1145], [84.4825, 20.1145], [82.4825, 20.1145], [82.4825, 18.1145]]]}","[[[84.01042825520855, 19.293664909435], [83.77000943582281, 19.33994680811127], [83.78602322365508, 19.41401699105263], [84.02560494875738, 19.36806149036596], [84.02288326731633, 19.35530917774166], [84.02384799192717, 19.355123678477515], [84.01042825520855, 19.293664909435]]]",https://api.planet.com/data/v1/item-types/PSScene4Band/items/20190809_043705_1040,https://api.planet.com/data/v1/item-types/PSScene4Band/items/20190809_043705_1040/assets/,https://tiles.planet.com/data/v1/item-types/PSScene4Band/items/20190809_043705_1040/thumb,20190809_043705_1040,2019-08-09T04:37:05.724039Z,0.01,93,99,0.09,1,8940,32644,True,3.9,0,PS2,PSScene4Band,0,791034,2149005,3,planetscope,2019-08-10T04:43:29Z,finalized,standard,4312,1040,0,0,2586735,92.6,62.8,2019-08-10T04:43:29Z,2.0,76,99
28,assets.analytic_sr:download,83.4825,19.1145,"{'type': 'Polygon', 'coordinates': [[[82.4825, 18.1145], [84.4825, 18.1145], [84.4825, 20.1145], [82.4825, 20.1145], [82.4825, 18.1145]]]}","[[[84.03774508473312, 19.427778562250428], [83.79689534714095, 19.474024636466854], [83.81291311179132, 19.54811359810796], [84.0537671712898, 19.50201880848926], [84.05102300917162, 19.489410647860993], [84.05138235184461, 19.489341592794432], [84.03774508473312, 19.427778562250428]]]",https://api.planet.com/data/v1/item-types/PSScene4Band/items/20190809_043703_1040,https://api.planet.com/data/v1/item-types/PSScene4Band/items/20190809_043703_1040/assets/,https://tiles.planet.com/data/v1/item-types/PSScene4Band/items/20190809_043703_1040/thumb,20190809_043703_1040,2019-08-09T04:37:03.620071Z,0.01,86,95,0.16,4,8978,32644,True,3.9,0,PS2,PSScene4Band,0,793620,2163903,3,planetscope,2019-08-10T04:43:28Z,finalized,standard,4309,1040,1,0,2586735,92.9,62.8,2019-08-10T04:43:28Z,2.0,64,96
29,assets.analytic_sr:download,83.4825,19.1145,"{'type': 'Polygon', 'coordinates': [[[82.4825, 18.1145], [84.4825, 18.1145], [84.4825, 20.1145], [82.4825, 20.1145], [82.4825, 18.1145]]]}","[[[83.12572324232704, 18.16918125659356], [83.34075820996172, 18.20815645673935], [83.35418381849486, 18.141166835394966], [83.13840327367221, 18.102215386785474], [83.12703744649306, 18.158696826200288], [83.1278044762299, 18.158835177785402], [83.12572324232704, 18.16918125659356]]]",https://api.planet.com/data/v1/item-types/PSScene4Band/items/20190809_035351_1053,https://api.planet.com/data/v1/item-types/PSScene4Band/items/20190809_035351_1053/assets/,https://tiles.planet.com/data/v1/item-types/PSScene4Band/items/20190809_035351_1053/thumb,20190809_035351_1053,2019-08-09T03:53:51.394722Z,0.0,70,72,0.27,21,8073,32644,True,3.5,0,PS2,PSScene4Band,4,724860,2014797,3,planetscope,2019-08-10T04:39:21Z,finalized,standard,3997,1053,2,0,2586885,87.0,51.9,2019-08-10T04:39:21Z,2.1,57,79
30,assets.analytic_sr:download,83.4825,19.1145,"{'type': 'Polygon', 'coordinates': [[[82.4825, 18.1145], [84.4825, 18.1145], [84.4825, 20.1145], [82.4825, 20.1145], [82.4825, 18.1145]]]}","[[[83.36587403932212, 18.0809386796061], [83.14997534548729, 18.04195940833114], [83.13903021440828, 18.098249351075822], [83.13919536658773, 18.09827915343322], [83.1370622934161, 18.108879265612686], [83.35282129950797, 18.148001195084547], [83.35601402260896, 18.132053648959833], [83.35596460194978, 18.13204477294194], [83.36587403932212, 18.0809386796061]]]",https://api.planet.com/data/v1/item-types/PSScene4Band/items/20190809_035350_1053,https://api.planet.com/data/v1/item-types/PSScene4Band/items/20190809_035350_1053/assets/,https://tiles.planet.com/data/v1/item-types/PSScene4Band/items/20190809_035350_1053/thumb,20190809_035350_1053,2019-08-09T03:53:50.453625Z,0.0,70,78,0.14,17,8088,32644,True,3.5,0,PS2,PSScene4Band,3,726138,2008155,3,planetscope,2019-08-10T04:39:00Z,finalized,standard,4002,1053,2,0,2586885,87.0,51.9,2019-08-10T04:39:00Z,2.1,56,83
31,assets.analytic_sr:download,83.4825,19.1145,"{'type': 'Polygon', 'coordinates': [[[82.4825, 18.1145], [84.4825, 18.1145], [84.4825, 20.1145], [82.4825, 20.1145], [82.4825, 18.1145]]]}","[[[83.31917314679515, 18.322514763000814], [83.10299171464283, 18.283549427158057], [83.08989952709565, 18.350309149650414], [83.30594197084596, 18.3895524256409], [83.30798060117112, 18.379073953667067], [83.30813012880513, 18.37910089594361], [83.31917314679515, 18.322514763000814]]]",https://api.planet.com/data/v1/item-types/PSScene4Band/items/20190809_035354_1053,https://api.planet.com/data/v1/item-types/PSScene4Band/items/20190809_035354_1053/assets/,https://tiles.planet.com/data/v1/item-types/PSScene4Band/items/20190809_035354_1053/thumb,20190809_035354_1053,2019-08-09T03:53:54.216965Z,0.0,58,57,0.21,16,8093,32644,True,3.5,0,PS2,PSScene4Band,24,720840,2034834,3,planetscope,2019-08-10T04:38:32Z,finalized,standard,3999,1053,3,0,2586885,87.3,51.9,2019-08-10T04:38:32Z,2.1,54,84
32,assets.analytic_sr:download,83.4825,19.1145,"{'type': 'Polygon', 'coordinates': [[[82.4825, 18.1145], [84.4825, 18.1145], [84.4825, 20.1145], [82.4825, 20.1145], [82.4825, 18.1145]]]}","[[[83.1064849851203, 18.266136597577233], [83.10180690878143, 18.290101608661526], [83.31785940838365, 18.32924656190509], [83.31994455332872, 18.318561956557758], [83.32003045428738, 18.31857743522175], [83.32891739149143, 18.2742976326197], [83.3312606422097, 18.262243368989765], [83.11511266475087, 18.223270508956187], [83.1064849851203, 18.266136597577233]]]",https://api.planet.com/data/v1/item-types/PSScene4Band/items/20190809_035353_1053,https://api.planet.com/data/v1/item-types/PSScene4Band/items/20190809_035353_1053/assets/,https://tiles.planet.com/data/v1/item-types/PSScene4Band/items/20190809_035353_1053/thumb,20190809_035353_1053,2019-08-09T03:53:53.276392Z,0.0,57,56,0.26,26,8103,32644,True,3.5,0,PS2,PSScene4Band,15,722175,2028174,3,planetscope,2019-08-10T04:38:29Z,finalized,standard,3999,1053,3,0,2586885,87.2,51.9,2019-08-10T04:38:29Z,2.0,53,74
33,assets.analytic_sr:download,83.4825,19.1145,"{'type': 'Polygon', 'coordinates': [[[82.4825, 18.1145], [84.4825, 18.1145], [84.4825, 20.1145], [82.4825, 20.1145], [82.4825, 18.1145]]]}","[[[83.08674341898777, 18.36449392202538], [83.07770245235696, 18.410825032172898], [83.29372042235542, 18.450018160826925], [83.2957562759201, 18.439533051506842], [83.29604432292211, 18.43958494729918], [83.30133313051897, 18.413241666207167], [83.30721185011652, 18.3830253009423], [83.09086268068026, 18.344029606980904], [83.08674341898777, 18.36449392202538]]]",https://api.planet.com/data/v1/item-types/PSScene4Band/items/20190809_035355_1053,https://api.planet.com/data/v1/item-types/PSScene4Band/items/20190809_035355_1053/assets/,https://tiles.planet.com/data/v1/item-types/PSScene4Band/items/20190809_035355_1053/thumb,20190809_035355_1053,2019-08-09T03:53:55.158062Z,0.01,63,48,0.26,18,8099,32644,True,3.5,0,PS2,PSScene4Band,30,719472,2041512,3,planetscope,2019-08-10T04:38:24Z,finalized,standard,3999,1053,4,0,2586885,87.3,51.9,2019-08-10T04:38:24Z,2.1,59,82
34,assets.analytic_sr:download,83.4825,19.1145,"{'type': 'Polygon', 'coordinates': [[[82.4825, 18.1145], [84.4825, 18.1145], [84.4825, 20.1145], [82.4825, 20.1145], [82.4825, 18.1145]]]}","[[[83.28276282755638, 18.504139629480022], [83.06642761709509, 18.46521511810343], [83.05339334010536, 18.53202557072606], [83.26937612356515, 18.571104621243368], [83.27132355759205, 18.561219182614174], [83.2716413712924, 18.561276329794364], [83.272352253167, 18.557761492584394], [83.28276282755638, 18.504139629480022]]]",https://api.planet.com/data/v1/item-types/PSScene4Band/items/20190809_035357_1053,https://api.planet.com/data/v1/item-types/PSScene4Band/items/20190809_035357_1053/assets/,https://tiles.planet.com/data/v1/item-types/PSScene4Band/items/20190809_035357_1053/thumb,20190809_035357_1053,2019-08-09T03:53:57.039207Z,0.01,56,48,0.28,29,8088,32644,True,3.5,0,PS2,PSScene4Band,20,716751,2054886,3,planetscope,2019-08-10T04:37:44Z,finalized,standard,3995,1053,3,0,2586885,87.5,51.9,2019-08-10T04:37:44Z,2.1,54,71
35,assets.analytic_sr:download,83.4825,19.1145,"{'type': 'Polygon', 'coordinates': [[[82.4825, 18.1145], [84.4825, 18.1145], [84.4825, 20.1145], [82.4825, 20.1145], [82.4825, 18.1145]]]}","[[[84.01662872134618, 18.70169591784132], [84.01254951599545, 18.72269099137133], [84.012745306638, 18.722726028079776], [84.01057684950332, 18.733443675133564], [84.22658757461478, 18.772395938841644], [84.23828730215523, 18.71339440843252], [84.2397941159075, 18.705599886664544], [84.02360039509551, 18.666893461566787], [84.01662872134618, 18.70169591784132]]]",https://api.planet.com/data/v1/item-types/PSScene4Band/items/20190809_035030_1052,https://api.planet.com/data/v1/item-types/PSScene4Band/items/20190809_035030_1052/assets/,https://tiles.planet.com/data/v1/item-types/PSScene4Band/items/20190809_035030_1052/thumb,20190809_035030_1052,2019-08-09T03:50:30.478183Z,0.0,80,92,0.03,7,8048,32645,True,3.5,0,PS2,PSScene4Band,0,184749,2077923,3,planetscope,2019-08-10T04:37:31Z,finalized,standard,3781,1052,1,0,2586818,87.7,51.9,2019-08-10T04:37:31Z,4.0,63,93
36,assets.analytic_sr:download,83.4825,19.1145,"{'type': 'Polygon', 'coordinates': [[[82.4825, 18.1145], [84.4825, 18.1145], [84.4825, 20.1145], [82.4825, 20.1145], [82.4825, 18.1145]]]}","[[[83.89111719007931, 19.33508082918209], [84.10702987173566, 19.373894150316495], [84.12066138248129, 19.307290075107332], [83.90418903261343, 19.268552823269502], [83.89293269769864, 19.324566842174985], [83.89324389008472, 19.324622513347247], [83.89111719007931, 19.33508082918209]]]",https://api.planet.com/data/v1/item-types/PSScene4Band/items/20190809_035039_1052,https://api.planet.com/data/v1/item-types/PSScene4Band/items/20190809_035039_1052/assets/,https://tiles.planet.com/data/v1/item-types/PSScene4Band/items/20190809_035039_1052/thumb,20190809_035039_1052,2019-08-09T03:50:39.886531Z,0.0,89,100,0.29,0,8030,32645,True,3.5,0,PS2,PSScene4Band,0,173322,2144748,3,planetscope,2019-08-10T04:37:15Z,finalized,standard,3768,1052,0,0,2586818,88.4,51.8,2019-08-10T04:37:15Z,4.0,75,100
37,assets.analytic_sr:download,83.4825,19.1145,"{'type': 'Polygon', 'coordinates': [[[82.4825, 18.1145], [84.4825, 18.1145], [84.4825, 20.1145], [82.4825, 20.1145], [82.4825, 18.1145]]]}","[[[83.73516452912516, 18.97962777868952], [83.73277765378937, 18.991194618295882], [83.73293363291633, 18.991223166159546], [83.73075313460701, 19.001766275845366], [83.94908072026163, 19.041349339950496], [83.96169804203355, 18.980008118192803], [83.96279444312958, 18.974512381667854], [83.74463792587731, 18.934549012130542], [83.73516452912516, 18.97962777868952]]]",https://api.planet.com/data/v1/item-types/PSScene4Band/items/20190809_034849_1050,https://api.planet.com/data/v1/item-types/PSScene4Band/items/20190809_034849_1050/assets/,https://tiles.planet.com/data/v1/item-types/PSScene4Band/items/20190809_034849_1050/thumb,20190809_034849_1050,2019-08-09T03:48:49.619115Z,0.0,73,97,0.29,1,8166,32644,True,3.5,0,PS2,PSScene4Band,2,787494,2108013,3,planetscope,2019-08-10T04:37:15Z,finalized,standard,4060,1050,0,0,2586865,88.1,51.8,2019-08-10T04:37:15Z,5.0,63,99
38,assets.analytic_sr:download,83.4825,19.1145,"{'type': 'Polygon', 'coordinates': [[[82.4825, 18.1145], [84.4825, 18.1145], [84.4825, 20.1145], [82.4825, 20.1145], [82.4825, 18.1145]]]}","[[[83.80248964286871, 18.638490545324785], [83.79148593861413, 18.69552329595996], [84.00872004417738, 18.735401709250983], [84.01171042710787, 18.72094294261268], [84.01168130499728, 18.720937543041604], [84.02222524079986, 18.668474110522993], [83.80460344888797, 18.62830792499603], [83.80248964286871, 18.638490545324785]]]",https://api.planet.com/data/v1/item-types/PSScene4Band/items/20190809_034844_1050,https://api.planet.com/data/v1/item-types/PSScene4Band/items/20190809_034844_1050/assets/,https://tiles.planet.com/data/v1/item-types/PSScene4Band/items/20190809_034844_1050/thumb,20190809_034844_1050,2019-08-09T03:48:44.916251Z,0.0,70,89,0.09,7,8135,32644,True,3.5,0,PS2,PSScene4Band,2,794427,2074230,3,planetscope,2019-08-10T04:37:09Z,finalized,standard,4072,1050,1,0,2586865,87.8,51.9,2019-08-10T04:37:09Z,5.0,58,93
39,assets.analytic_sr:download,83.4825,19.1145,"{'type': 'Polygon', 'coordinates': [[[82.4825, 18.1145], [84.4825, 18.1145], [84.4825, 20.1145], [82.4825, 20.1145], [82.4825, 18.1145]]]}","[[[83.29498864629778, 18.443486518812627], [83.07870469321047, 18.404504550777585], [83.06565837134846, 18.471350656450607], [83.28153076441242, 18.510485631032946], [83.28353037711986, 18.500186203273266], [83.28396433075073, 18.50026425356503], [83.29498864629778, 18.443486518812627]]]",https://api.planet.com/data/v1/item-types/PSScene4Band/items/20190809_035356_1053,https://api.planet.com/data/v1/item-types/PSScene4Band/items/20190809_035356_1053/assets/,https://tiles.planet.com/data/v1/item-types/PSScene4Band/items/20190809_035356_1053/thumb,20190809_035356_1053,2019-08-09T03:53:56.098634Z,0.01,56,51,0.27,22,8089,32644,True,3.5,0,PS2,PSScene4Band,24,718125,2048190,3,planetscope,2019-08-10T04:37:08Z,finalized,standard,3998,1053,2,0,2586885,87.4,51.9,2019-08-10T04:37:08Z,2.1,56,78
40,assets.analytic_sr:download,83.4825,19.1145,"{'type': 'Polygon', 'coordinates': [[[82.4825, 18.1145], [84.4825, 18.1145], [84.4825, 20.1145], [82.4825, 20.1145], [82.4825, 18.1145]]]}","[[[83.62283034904557, 19.524611387739235], [83.62156749924367, 19.530928731018186], [83.6224403753466, 19.531088613675376], [83.62007580293373, 19.54232934549637], [83.8378445407046, 19.581926384789476], [83.85171948400779, 19.51511690059974], [83.63336830552717, 19.475123394702084], [83.62283034904557, 19.524611387739235]]]",https://api.planet.com/data/v1/item-types/PSScene4Band/items/20190809_034858_1050,https://api.planet.com/data/v1/item-types/PSScene4Band/items/20190809_034858_1050/assets/,https://tiles.planet.com/data/v1/item-types/PSScene4Band/items/20190809_034858_1050/thumb,20190809_034858_1050,2019-08-09T03:48:58.084269Z,0.0,57,45,0.23,24,8125,32644,True,3.5,0,PS2,PSScene4Band,31,774930,2167692,3,planetscope,2019-08-10T04:37:07Z,finalized,standard,4058,1050,0,0,2586865,88.8,51.8,2019-08-10T04:37:07Z,5.0,50,76
41,assets.analytic_sr:download,83.4825,19.1145,"{'type': 'Polygon', 'coordinates': [[[82.4825, 18.1145], [84.4825, 18.1145], [84.4825, 20.1145], [82.4825, 20.1145], [82.4825, 18.1145]]]}","[[[83.84791025677248, 18.417492230761393], [83.84046905422309, 18.454533506977533], [84.05804200682417, 18.494386245666394], [84.0593433013073, 18.488069498519494], [84.060291962612, 18.48327603230911], [84.06032936704797, 18.483282935574], [84.06684341015935, 18.451662450147992], [84.0716583760575, 18.42748021864639], [83.85416185350975, 18.387298473623964], [83.84791025677248, 18.417492230761393]]]",https://api.planet.com/data/v1/item-types/PSScene4Band/items/20190809_034841_1050,https://api.planet.com/data/v1/item-types/PSScene4Band/items/20190809_034841_1050/assets/,https://tiles.planet.com/data/v1/item-types/PSScene4Band/items/20190809_034841_1050/thumb,20190809_034841_1050,2019-08-09T03:48:41.15396Z,0.0,81,99,0.02,1,8164,32644,True,3.5,0,PS2,PSScene4Band,0,800016,2047620,3,planetscope,2019-08-10T04:37:07Z,finalized,standard,4072,1050,0,0,2586865,87.5,51.9,2019-08-10T04:37:07Z,5.0,59,99
42,assets.analytic_sr:download,83.4825,19.1145,"{'type': 'Polygon', 'coordinates': [[[82.4825, 18.1145], [84.4825, 18.1145], [84.4825, 20.1145], [82.4825, 20.1145], [82.4825, 18.1145]]]}","[[[83.60812794504557, 19.602819541018082], [83.82600143279764, 19.64231696986649], [83.83974371820035, 19.57549779482276], [83.62150418399757, 19.535539090992195], [83.6097900036283, 19.591226097791914], [83.61052462505099, 19.591360734871635], [83.60812794504557, 19.602819541018082]]]",https://api.planet.com/data/v1/item-types/PSScene4Band/items/20190809_034859_1050,https://api.planet.com/data/v1/item-types/PSScene4Band/items/20190809_034859_1050/assets/,https://tiles.planet.com/data/v1/item-types/PSScene4Band/items/20190809_034859_1050/thumb,20190809_034859_1050,2019-08-09T03:48:59.024841Z,0.0,54,37,0.22,21,8121,32644,True,3.5,0,PS2,PSScene4Band,41,773574,2174361,3,planetscope,2019-08-10T04:37:06Z,finalized,standard,4057,1050,0,0,2586865,88.9,51.8,2019-08-10T04:37:06Z,5.0,50,79
43,assets.analytic_sr:download,83.4825,19.1145,"{'type': 'Polygon', 'coordinates': [[[82.4825, 18.1145], [84.4825, 18.1145], [84.4825, 20.1145], [82.4825, 20.1145], [82.4825, 18.1145]]]}","[[[83.98394384337375, 18.86714386398524], [83.9746165622921, 18.914045199396146], [84.19077132684744, 18.95305025189095], [84.19294398666399, 18.942009444594813], [84.19318635002857, 18.942052779048225], [84.2004690498742, 18.906075553723646], [84.2043148407447, 18.88635877103881], [83.98794143493112, 18.847662232810205], [83.98394384337375, 18.86714386398524]]]",https://api.planet.com/data/v1/item-types/PSScene4Band/items/20190809_035033_1052,https://api.planet.com/data/v1/item-types/PSScene4Band/items/20190809_035033_1052/assets/,https://tiles.planet.com/data/v1/item-types/PSScene4Band/items/20190809_035033_1052/thumb,20190809_035033_1052,2019-08-09T03:50:33.300425Z,0.0,83,92,0.21,8,8056,32645,True,3.5,0,PS2,PSScene4Band,0,181296,2097990,3,planetscope,2019-08-10T04:37:05Z,finalized,standard,3774,1052,1,0,2586818,87.9,51.8,2019-08-10T04:37:05Z,4.0,64,92
44,assets.analytic_sr:download,83.4825,19.1145,"{'type': 'Polygon', 'coordinates': [[[82.4825, 18.1145], [84.4825, 18.1145], [84.4825, 20.1145], [82.4825, 20.1145], [82.4825, 18.1145]]]}","[[[84.02492995244843, 18.65918201668049], [84.02429464593082, 18.662444772057164], [84.02451201937528, 18.66248366626844], [84.02238206579072, 18.673093670335856], [84.23816820196315, 18.71201684385432], [84.25163558763225, 18.645261789635295], [84.03553463869791, 18.60655288108195], [84.02492995244843, 18.65918201668049]]]",https://api.planet.com/data/v1/item-types/PSScene4Band/items/20190809_035029_1052,https://api.planet.com/data/v1/item-types/PSScene4Band/items/20190809_035029_1052/assets/,https://tiles.planet.com/data/v1/item-types/PSScene4Band/items/20190809_035029_1052/thumb,20190809_035029_1052,2019-08-09T03:50:29.53761Z,0.0,76,84,0.05,13,8052,32645,True,3.5,0,PS2,PSScene4Band,0,185883,2071218,3,planetscope,2019-08-10T04:37:05Z,finalized,standard,3780,1052,2,0,2586818,87.6,51.9,2019-08-10T04:37:05Z,4.0,61,87
45,assets.analytic_sr:download,83.4825,19.1145,"{'type': 'Polygon', 'coordinates': [[[82.4825, 18.1145], [84.4825, 18.1145], [84.4825, 20.1145], [82.4825, 20.1145], [82.4825, 18.1145]]]}","[[[83.7799138280537, 18.756735378975097], [83.99619040590191, 18.796381760978885], [84.00995159052896, 18.72950721589494], [83.79248126421152, 18.689393292340906], [83.78142069388906, 18.74593755609445], [83.78218896415567, 18.74607900824235], [83.7799138280537, 18.756735378975097]]]",https://api.planet.com/data/v1/item-types/PSScene4Band/items/20190809_034845_1050,https://api.planet.com/data/v1/item-types/PSScene4Band/items/20190809_034845_1050/assets/,https://tiles.planet.com/data/v1/item-types/PSScene4Band/items/20190809_034845_1050/thumb,20190809_034845_1050,2019-08-09T03:48:45.856824Z,0.0,76,94,0.15,4,8109,32644,True,3.5,0,PS2,PSScene4Band,2,793098,2080962,3,planetscope,2019-08-10T04:37:03Z,finalized,standard,4067,1050,0,0,2586865,87.8,51.9,2019-08-10T04:37:03Z,5.1,59,96
46,assets.analytic_sr:download,83.4825,19.1145,"{'type': 'Polygon', 'coordinates': [[[82.4825, 18.1145], [84.4825, 18.1145], [84.4825, 20.1145], [82.4825, 20.1145], [82.4825, 18.1145]]]}","[[[83.85267820786383, 18.39446413676468], [84.0698440339962, 18.434287480810628], [84.08360107930153, 18.367409556203683], [83.86640827006428, 18.3272294876535], [83.85490208781219, 18.382801385056393], [83.85508593602337, 18.382835370169925], [83.85267820786383, 18.39446413676468]]]",https://api.planet.com/data/v1/item-types/PSScene4Band/items/20190809_034840_1050,https://api.planet.com/data/v1/item-types/PSScene4Band/items/20190809_034840_1050/assets/,https://tiles.planet.com/data/v1/item-types/PSScene4Band/items/20190809_034840_1050/thumb,20190809_034840_1050,2019-08-09T03:48:40.213388Z,0.0,76,94,0.04,4,8158,32644,True,3.5,0,PS2,PSScene4Band,1,801411,2040984,3,planetscope,2019-08-10T04:37:03Z,finalized,standard,4070,1050,1,0,2586865,87.4,51.9,2019-08-10T04:37:03Z,5.0,59,96
47,assets.analytic_sr:download,83.4825,19.1145,"{'type': 'Polygon', 'coordinates': [[[82.4825, 18.1145], [84.4825, 18.1145], [84.4825, 20.1145], [82.4825, 20.1145], [82.4825, 18.1145]]]}","[[[83.7559343833248, 18.87909959560979], [83.97272787440224, 18.91853262647549], [83.98626255227023, 18.851726037585653], [83.76907723411792, 18.81183069512475], [83.75744107231276, 18.868707501555804], [83.75807892745881, 18.86882449156744], [83.7559343833248, 18.87909959560979]]]",https://api.planet.com/data/v1/item-types/PSScene4Band/items/20190809_034847_1050,https://api.planet.com/data/v1/item-types/PSScene4Band/items/20190809_034847_1050/assets/,https://tiles.planet.com/data/v1/item-types/PSScene4Band/items/20190809_034847_1050/thumb,20190809_034847_1050,2019-08-09T03:48:47.737969Z,0.0,78,96,0.23,3,8112,32644,True,3.5,0,PS2,PSScene4Band,1,790359,2094450,3,planetscope,2019-08-10T04:37:01Z,finalized,standard,4056,1050,0,0,2586865,88.0,51.8,2019-08-10T04:37:01Z,5.0,66,97
48,assets.analytic_sr:download,83.4825,19.1145,"{'type': 'Polygon', 'coordinates': [[[82.4825, 18.1145], [84.4825, 18.1145], [84.4825, 20.1145], [82.4825, 20.1145], [82.4825, 18.1145]]]}","[[[83.66193505551946, 19.332403824597307], [83.65600369272754, 19.362346436032635], [83.87420428747076, 19.40211984717598], [83.8765109398913, 19.39058874205662], [83.87670381471678, 19.390624196288396], [83.88049676968545, 19.37229501336516], [83.88788386722136, 19.335255509095262], [83.66945438663689, 19.295145954463877], [83.66193505551946, 19.332403824597307]]]",https://api.planet.com/data/v1/item-types/PSScene4Band/items/20190809_034855_1050,https://api.planet.com/data/v1/item-types/PSScene4Band/items/20190809_034855_1050/assets/,https://tiles.planet.com/data/v1/item-types/PSScene4Band/items/20190809_034855_1050/thumb,20190809_034855_1050,2019-08-09T03:48:55.262551Z,0.0,57,56,0.07,8,8143,32644,True,3.5,0,PS2,PSScene4Band,35,779010,2147841,3,planetscope,2019-08-10T04:37:00Z,finalized,standard,4066,1050,0,0,2586865,88.6,51.8,2019-08-10T04:37:00Z,5.0,52,92
49,assets.analytic_sr:download,83.4825,19.1145,"{'type': 'Polygon', 'coordinates': [[[82.4825, 18.1145], [84.4825, 18.1145], [84.4825, 20.1145], [82.4825, 20.1145], [82.4825, 18.1145]]]}","[[[84.07203558067928, 19.548909449639325], [83.85520342277566, 19.510167435777824], [83.84217385845908, 19.5766795795399], [84.05840415851787, 19.61554963745566], [84.06052487312508, 19.604740763845086], [84.0608710038593, 19.6048026548685], [84.07203558067928, 19.548909449639325]]]",https://api.planet.com/data/v1/item-types/PSScene4Band/items/20190809_035043_1052,https://api.planet.com/data/v1/item-types/PSScene4Band/items/20190809_035043_1052/assets/,https://tiles.planet.com/data/v1/item-types/PSScene4Band/items/20190809_035043_1052/thumb,20190809_035043_1052,2019-08-09T03:50:43.649346Z,0.0,76,94,0.29,5,8064,32644,True,3.5,0,PS2,PSScene4Band,0,798186,2171817,3,planetscope,2019-08-10T04:36:59Z,finalized,standard,4015,1052,0,0,2586818,88.7,51.8,2019-08-10T04:36:59Z,4.0,59,95
50,assets.analytic_sr:download,83.4825,19.1145,"{'type': 'Polygon', 'coordinates': [[[82.4825, 18.1145], [84.4825, 18.1145], [84.4825, 20.1145], [82.4825, 20.1145], [82.4825, 18.1145]]]}","[[[84.08443015575034, 19.488559190081336], [83.86764233615192, 19.44983538605201], [83.85459606823784, 19.51632863852727], [84.07077601147485, 19.555215229175744], [84.0729202123649, 19.544480719275974], [84.07337118776044, 19.544561260553518], [84.08443015575034, 19.488559190081336]]]",https://api.planet.com/data/v1/item-types/PSScene4Band/items/20190809_035042_1052,https://api.planet.com/data/v1/item-types/PSScene4Band/items/20190809_035042_1052/assets/,https://tiles.planet.com/data/v1/item-types/PSScene4Band/items/20190809_035042_1052/thumb,20190809_035042_1052,2019-08-09T03:50:42.708773Z,0.0,77,98,0.07,2,8066,32644,True,3.5,0,PS2,PSScene4Band,0,799602,2165157,3,planetscope,2019-08-10T04:36:58Z,finalized,standard,4015,1052,0,0,2586818,88.7,51.8,2019-08-10T04:36:58Z,4.0,59,98
51,assets.analytic_sr:download,83.4825,19.1145,"{'type': 'Polygon', 'coordinates': [[[82.4825, 18.1145], [84.4825, 18.1145], [84.4825, 20.1145], [82.4825, 20.1145], [82.4825, 18.1145]]]}","[[[84.2983973645116, 18.40410964662851], [84.08268804065736, 18.36543238830955], [84.06974580786128, 18.43201714121852], [84.2852953508842, 18.470941012414997], [84.28744536240937, 18.45981896939778], [84.28762405231237, 18.459850954680913], [84.2983973645116, 18.40410964662851]]]",https://api.planet.com/data/v1/item-types/PSScene4Band/items/20190809_035025_1052,https://api.planet.com/data/v1/item-types/PSScene4Band/items/20190809_035025_1052/assets/,https://tiles.planet.com/data/v1/item-types/PSScene4Band/items/20190809_035025_1052/thumb,20190809_035025_1052,2019-08-09T03:50:25.774271Z,0.0,90,99,0.01,1,8042,32645,True,3.5,0,PS2,PSScene4Band,0,190449,2044443,3,planetscope,2019-08-10T04:36:57Z,finalized,standard,3785,1052,0,0,2586818,87.3,51.9,2019-08-10T04:36:57Z,4.0,62,99
52,assets.analytic_sr:download,83.4825,19.1145,"{'type': 'Polygon', 'coordinates': [[[82.4825, 18.1145], [84.4825, 18.1145], [84.4825, 20.1145], [82.4825, 20.1145], [82.4825, 18.1145]]]}","[[[84.09358714538652, 18.310945890426314], [84.29921279754859, 18.348477113132812], [84.31519327228683, 18.284928084884907], [84.10705644520957, 18.24316440282637], [84.09554462075985, 18.300752051726157], [84.0956257295805, 18.30076662708947], [84.09358714538652, 18.310945890426314]]]",https://api.planet.com/data/v1/item-types/PSScene4Band/items/20190809_035023_1052,https://api.planet.com/data/v1/item-types/PSScene4Band/items/20190809_035023_1052/assets/,https://tiles.planet.com/data/v1/item-types/PSScene4Band/items/20190809_035023_1052/thumb,20190809_035023_1052,2019-08-09T03:50:23.892601Z,0.0,97,100,0.0,0,7800,32645,True,3.5,0,PS2,PSScene4Band,0,192756,2030862,3,planetscope,2019-08-10T04:36:56Z,finalized,standard,3785,1052,0,0,2586818,87.2,51.9,2019-08-10T04:36:56Z,3.9,77,100
53,assets.analytic_sr:download,83.4825,19.1145,"{'type': 'Polygon', 'coordinates': [[[82.4825, 18.1145], [84.4825, 18.1145], [84.4825, 20.1145], [82.4825, 20.1145], [82.4825, 18.1145]]]}","[[[84.21637172792828, 18.82607615978477], [83.99993011352065, 18.78733648421935], [83.98872194335706, 18.843210984273057], [83.98883315388568, 18.84323087964824], [83.98666441559325, 18.853810089417188], [84.20281261736524, 18.892780082332187], [84.21465099174596, 18.834792665314918], [84.21637172792828, 18.82607615978477]]]",https://api.planet.com/data/v1/item-types/PSScene4Band/items/20190809_035032_1052,https://api.planet.com/data/v1/item-types/PSScene4Band/items/20190809_035032_1052/assets/,https://tiles.planet.com/data/v1/item-types/PSScene4Band/items/20190809_035032_1052/thumb,20190809_035032_1052,2019-08-09T03:50:32.359853Z,0.0,92,100,0.01,0,8059,32645,True,3.5,0,PS2,PSScene4Band,0,182454,2091297,3,planetscope,2019-08-10T04:36:55Z,finalized,standard,3778,1052,0,0,2586818,87.9,51.9,2019-08-10T04:36:55Z,4.0,71,100
54,assets.analytic_sr:download,83.4825,19.1145,"{'type': 'Polygon', 'coordinates': [[[82.4825, 18.1145], [84.4825, 18.1145], [84.4825, 20.1145], [82.4825, 20.1145], [82.4825, 18.1145]]]}","[[[83.89502132782378, 18.182188972961043], [83.89093703368285, 18.20256496947716], [83.8912219989111, 18.20261786465452], [83.8888153170132, 18.21423461380586], [84.10577090137485, 18.254133744445987], [84.11939051878225, 18.187321828000574], [83.90231589323402, 18.14701572320723], [83.89502132782378, 18.182188972961043]]]",https://api.planet.com/data/v1/item-types/PSScene4Band/items/20190809_034837_1050,https://api.planet.com/data/v1/item-types/PSScene4Band/items/20190809_034837_1050/assets/,https://tiles.planet.com/data/v1/item-types/PSScene4Band/items/20190809_034837_1050/thumb,20190809_034837_1050,2019-08-09T03:48:37.39167Z,0.0,87,95,0.04,3,8121,32645,True,3.5,1,PS2,PSScene4Band,1,170910,2020728,3,planetscope,2019-08-10T04:36:55Z,finalized,standard,3839,1050,0,0,2586865,87.2,51.9,2019-08-10T04:36:55Z,5.0,59,96
55,assets.analytic_sr:download,83.4825,19.1145,"{'type': 'Polygon', 'coordinates': [[[82.4825, 18.1145], [84.4825, 18.1145], [84.4825, 20.1145], [82.4825, 20.1145], [82.4825, 18.1145]]]}","[[[84.09673065086842, 19.4282931288111], [83.8800685508533, 19.389543818442373], [83.86695111780257, 19.45604135595972], [84.08316493933017, 19.49496618386129], [84.08530593303756, 19.4841242969338], [84.08580281499032, 19.48421301096323], [84.09673065086842, 19.4282931288111]]]",https://api.planet.com/data/v1/item-types/PSScene4Band/items/20190809_035041_1052,https://api.planet.com/data/v1/item-types/PSScene4Band/items/20190809_035041_1052/assets/,https://tiles.planet.com/data/v1/item-types/PSScene4Band/items/20190809_035041_1052/thumb,20190809_035041_1052,2019-08-09T03:50:41.767677Z,0.0,83,100,0.13,0,8067,32644,True,3.5,0,PS2,PSScene4Band,0,801012,2158506,3,planetscope,2019-08-10T04:36:52Z,finalized,standard,4017,1052,0,0,2586818,88.6,51.8,2019-08-10T04:36:52Z,4.0,78,100
56,assets.analytic_sr:download,83.4825,19.1145,"{'type': 'Polygon', 'coordinates': [[[82.4825, 18.1145], [84.4825, 18.1145], [84.4825, 20.1145], [82.4825, 20.1145], [82.4825, 18.1145]]]}","[[[83.9147354278469, 19.21466541704477], [84.1306004070352, 19.253595688451217], [84.14358382499135, 19.186803275244777], [83.92782981230012, 19.14815182251767], [83.91655445365627, 19.203878230832117], [83.91691025979853, 19.203941907067247], [83.9147354278469, 19.21466541704477]]]",https://api.planet.com/data/v1/item-types/PSScene4Band/items/20190809_035038_1052,https://api.planet.com/data/v1/item-types/PSScene4Band/items/20190809_035038_1052/assets/,https://tiles.planet.com/data/v1/item-types/PSScene4Band/items/20190809_035038_1052/thumb,20190809_035038_1052,2019-08-09T03:50:38.004862Z,0.0,92,100,0.29,0,8011,32645,True,3.5,0,PS2,PSScene4Band,0,175569,2131380,3,planetscope,2019-08-10T04:36:50Z,finalized,standard,3772,1052,0,0,2586818,88.3,51.8,2019-08-10T04:36:50Z,4.0,82,100
57,assets.analytic_sr:download,83.4825,19.1145,"{'type': 'Polygon', 'coordinates': [[[82.4825, 18.1145], [84.4825, 18.1145], [84.4825, 20.1145], [82.4825, 20.1145], [82.4825, 18.1145]]]}","[[[84.09266938221427, 18.315528557670934], [84.08178063143887, 18.37176124212443], [84.29712097213122, 18.410713723402225], [84.29925570888241, 18.399668557657638], [84.29962886131189, 18.399735434544215], [84.30258435766983, 18.384956601825657], [84.310491856102, 18.343972680557663], [84.09474055383204, 18.30518657553681], [84.09266938221427, 18.315528557670934]]]",https://api.planet.com/data/v1/item-types/PSScene4Band/items/20190809_035024_1052,https://api.planet.com/data/v1/item-types/PSScene4Band/items/20190809_035024_1052/assets/,https://tiles.planet.com/data/v1/item-types/PSScene4Band/items/20190809_035024_1052/thumb,20190809_035024_1052,2019-08-09T03:50:24.833174Z,0.0,95,100,0.01,0,8048,32645,True,3.5,0,PS2,PSScene4Band,0,191613,2037756,3,planetscope,2019-08-10T04:36:50Z,finalized,standard,3787,1052,0,0,2586818,87.3,51.9,2019-08-10T04:36:50Z,4.0,70,100
58,assets.analytic_sr:download,83.4825,19.1145,"{'type': 'Polygon', 'coordinates': [[[82.4825, 18.1145], [84.4825, 18.1145], [84.4825, 20.1145], [82.4825, 20.1145], [82.4825, 18.1145]]]}","[[[84.03431902968585, 18.612585728261564], [84.25002125595599, 18.651569922324914], [84.26338690320924, 18.58478799849203], [84.04731433356365, 18.54605490819105], [84.03607008243998, 18.602070371572147], [84.03642505094591, 18.602133926495643], [84.03431902968585, 18.612585728261564]]]",https://api.planet.com/data/v1/item-types/PSScene4Band/items/20190809_035028_1052,https://api.planet.com/data/v1/item-types/PSScene4Band/items/20190809_035028_1052/assets/,https://tiles.planet.com/data/v1/item-types/PSScene4Band/items/20190809_035028_1052/thumb,20190809_035028_1052,2019-08-09T03:50:28.596514Z,0.0,77,89,0.03,10,8048,32645,True,3.5,0,PS2,PSScene4Band,0,187035,2064504,3,planetscope,2019-08-10T04:36:48Z,finalized,standard,3783,1052,1,0,2586818,87.6,51.9,2019-08-10T04:36:48Z,4.0,60,90
59,assets.analytic_sr:download,83.4825,19.1145,"{'type': 'Polygon', 'coordinates': [[[82.4825, 18.1145], [84.4825, 18.1145], [84.4825, 20.1145], [82.4825, 20.1145], [82.4825, 18.1145]]]}","[[[83.93773475567349, 19.095724384924214], [83.71973107243413, 19.055766271101078], [83.7060124278303, 19.122995310995908], [83.92362922149006, 19.162532467596183], [83.92592815099806, 19.151036019600078], [83.92649610088402, 19.151140329122086], [83.93773475567349, 19.095724384924214]]]",https://api.planet.com/data/v1/item-types/PSScene4Band/items/20190809_034851_1050,https://api.planet.com/data/v1/item-types/PSScene4Band/items/20190809_034851_1050/assets/,https://tiles.planet.com/data/v1/item-types/PSScene4Band/items/20190809_034851_1050/thumb,20190809_034851_1050,2019-08-09T03:48:51.50026Z,0.0,80,93,0.08,3,8149,32644,True,3.5,0,PS2,PSScene4Band,4,784680,2121390,3,planetscope,2019-08-10T04:36:46Z,finalized,standard,4058,1050,0,0,2586865,88.3,51.8,2019-08-10T04:36:46Z,5.0,60,97
60,assets.analytic_sr:download,83.4825,19.1145,"{'type': 'Polygon', 'coordinates': [[[82.4825, 18.1145], [84.4825, 18.1145], [84.4825, 20.1145], [82.4825, 20.1145], [82.4825, 18.1145]]]}","[[[84.00233851725861, 18.77416181334307], [84.0006305647304, 18.782888057453597], [84.00081580054818, 18.782921194377607], [83.9986627028309, 18.793654726860122], [84.21478580765297, 18.83263785095943], [84.22672859424293, 18.772904955213704], [84.22809148899942, 18.765855434829017], [84.01185186801767, 18.727141868099707], [84.00233851725861, 18.77416181334307]]]",https://api.planet.com/data/v1/item-types/PSScene4Band/items/20190809_035031_1052,https://api.planet.com/data/v1/item-types/PSScene4Band/items/20190809_035031_1052/assets/,https://tiles.planet.com/data/v1/item-types/PSScene4Band/items/20190809_035031_1052/thumb,20190809_035031_1052,2019-08-09T03:50:31.41928Z,0.0,91,99,0.0,1,8052,32645,True,3.5,0,PS2,PSScene4Band,0,183606,2084616,3,planetscope,2019-08-10T04:36:44Z,finalized,standard,3780,1052,0,0,2586818,87.8,51.9,2019-08-10T04:36:44Z,4.0,63,99
61,assets.analytic_sr:download,83.4825,19.1145,"{'type': 'Polygon', 'coordinates': [[[82.4825, 18.1145], [84.4825, 18.1145], [84.4825, 20.1145], [82.4825, 20.1145], [82.4825, 18.1145]]]}","[[[83.88262885272358, 19.376823300030594], [83.87895525226459, 19.395501413687384], [84.09552017242382, 19.434487384720917], [84.0975976983224, 19.42385627672181], [84.09767580439224, 19.423870238627792], [84.1087403459639, 19.367770111699905], [83.89234603795795, 19.329037814560817], [83.88262885272358, 19.376823300030594]]]",https://api.planet.com/data/v1/item-types/PSScene4Band/items/20190809_035040_1052,https://api.planet.com/data/v1/item-types/PSScene4Band/items/20190809_035040_1052/assets/,https://tiles.planet.com/data/v1/item-types/PSScene4Band/items/20190809_035040_1052/thumb,20190809_035040_1052,2019-08-09T03:50:40.827104Z,0.0,85,100,0.19,0,8070,32644,True,3.5,0,PS2,PSScene4Band,0,802386,2151828,3,planetscope,2019-08-10T04:36:43Z,finalized,standard,4018,1052,0,0,2586818,88.5,51.8,2019-08-10T04:36:43Z,4.0,85,100
62,assets.analytic_sr:download,83.4825,19.1145,"{'type': 'Polygon', 'coordinates': [[[82.4825, 18.1145], [84.4825, 18.1145], [84.4825, 20.1145], [82.4825, 20.1145], [82.4825, 18.1145]]]}","[[[84.06479558398846, 18.454818887299126], [84.05964311948075, 18.481335542155726], [84.05994710106187, 18.481389959935548], [84.05777949687902, 18.49215844856268], [84.27341430270305, 18.531085682583356], [84.28138674029778, 18.49116031569341], [84.28658670528789, 18.464260816025277], [84.07067416435291, 18.425592118275244], [84.06479558398846, 18.454818887299126]]]",https://api.planet.com/data/v1/item-types/PSScene4Band/items/20190809_035026_1052,https://api.planet.com/data/v1/item-types/PSScene4Band/items/20190809_035026_1052/assets/,https://tiles.planet.com/data/v1/item-types/PSScene4Band/items/20190809_035026_1052/thumb,20190809_035026_1052,2019-08-09T03:50:26.714844Z,0.0,89,99,0.0,1,8044,32645,True,3.5,0,PS2,PSScene4Band,0,189294,2051124,3,planetscope,2019-08-10T04:36:43Z,finalized,standard,3784,1052,0,0,2586818,87.4,51.9,2019-08-10T04:36:43Z,4.0,70,99
63,assets.analytic_sr:download,83.4825,19.1145,"{'type': 'Polygon', 'coordinates': [[[82.4825, 18.1145], [84.4825, 18.1145], [84.4825, 20.1145], [82.4825, 20.1145], [82.4825, 18.1145]]]}","[[[84.04605045873116, 18.552351150921577], [84.26159170997589, 18.591291738096203], [84.27493326100277, 18.524472329268534], [84.05905846983535, 18.485804610604784], [84.04783000744341, 18.541586736568966], [84.0481980205186, 18.541652646651286], [84.04605045873116, 18.552351150921577]]]",https://api.planet.com/data/v1/item-types/PSScene4Band/items/20190809_035027_1052,https://api.planet.com/data/v1/item-types/PSScene4Band/items/20190809_035027_1052/assets/,https://tiles.planet.com/data/v1/item-types/PSScene4Band/items/20190809_035027_1052/thumb,20190809_035027_1052,2019-08-09T03:50:27.655941Z,0.0,84,98,0.0,1,8044,32645,True,3.5,0,PS2,PSScene4Band,0,188163,2057811,3,planetscope,2019-08-10T04:36:41Z,finalized,standard,3783,1052,0,0,2586818,87.5,51.9,2019-08-10T04:36:41Z,4.0,69,99
64,assets.analytic_sr:download,83.4825,19.1145,"{'type': 'Polygon', 'coordinates': [[[82.4825, 18.1145], [84.4825, 18.1145], [84.4825, 20.1145], [82.4825, 20.1145], [82.4825, 18.1145]]]}","[[[84.04712095264051, 18.54753082292015], [83.82948356384549, 18.507371665482143], [83.81609460909726, 18.57462666091469], [84.03336144655245, 18.614395455071975], [84.03557002069523, 18.603264158255737], [84.03597044863226, 18.603338144964077], [84.04712095264051, 18.54753082292015]]]",https://api.planet.com/data/v1/item-types/PSScene4Band/items/20190809_034843_1_1050,https://api.planet.com/data/v1/item-types/PSScene4Band/items/20190809_034843_1_1050/assets/,https://tiles.planet.com/data/v1/item-types/PSScene4Band/items/20190809_034843_1_1050/thumb,20190809_034843_1_1050,2019-08-09T03:48:43.035106Z,0.0,70,68,0.24,29,8152,32644,True,3.5,0,PS2,PSScene4Band,2,797232,2060871,3,planetscope,2019-08-10T04:36:40Z,finalized,standard,4070,1050,1,0,2586865,87.6,51.9,2019-08-10T04:36:40Z,5.0,58,71
65,assets.analytic_sr:download,83.4825,19.1145,"{'type': 'Polygon', 'coordinates': [[[82.4825, 18.1145], [84.4825, 18.1145], [84.4825, 20.1145], [82.4825, 20.1145], [82.4825, 18.1145]]]}","[[[83.87679578623361, 18.27437021971436], [84.09366016364207, 18.314239263554363], [84.10746721320115, 18.24736806666875], [83.89029649225574, 18.207085168232346], [83.87875065132188, 18.262815482232863], [83.87917861278765, 18.262894810980022], [83.87679578623361, 18.27437021971436]]]",https://api.planet.com/data/v1/item-types/PSScene4Band/items/20190809_034838_1050,https://api.planet.com/data/v1/item-types/PSScene4Band/items/20190809_034838_1050/assets/,https://tiles.planet.com/data/v1/item-types/PSScene4Band/items/20190809_034838_1050/thumb,20190809_034838_1050,2019-08-09T03:48:38.332242Z,0.0,73,67,0.02,4,8154,32644,True,3.5,6,PS2,PSScene4Band,23,804174,2027730,3,planetscope,2019-08-10T04:36:40Z,finalized,standard,4075,1050,0,0,2586865,87.2,51.9,2019-08-10T04:36:40Z,5.0,55,90
66,assets.analytic_sr:download,83.4825,19.1145,"{'type': 'Polygon', 'coordinates': [[[82.4825, 18.1145], [84.4825, 18.1145], [84.4825, 20.1145], [82.4825, 20.1145], [82.4825, 18.1145]]]}","[[[83.727337240124, 19.01828275286148], [83.7184617677208, 19.062903652701355], [83.93637111871473, 19.102448252773918], [83.9386366236721, 19.091277423288602], [83.93905788373694, 19.091354649470553], [83.94326896876578, 19.071036485111392], [83.95030652521248, 19.035610148477126], [83.73201104901594, 18.99568402871309], [83.727337240124, 19.01828275286148]]]",https://api.planet.com/data/v1/item-types/PSScene4Band/items/20190809_034850_1050,https://api.planet.com/data/v1/item-types/PSScene4Band/items/20190809_034850_1050/assets/,https://tiles.planet.com/data/v1/item-types/PSScene4Band/items/20190809_034850_1050/thumb,20190809_034850_1050,2019-08-09T03:48:50.559687Z,0.0,78,100,0.14,0,8157,32644,True,3.5,0,PS2,PSScene4Band,0,786093,2114757,3,planetscope,2019-08-10T04:36:39Z,finalized,standard,4058,1050,0,0,2586865,88.2,51.8,2019-08-10T04:36:39Z,4.9,60,100
67,assets.analytic_sr:download,83.4825,19.1145,"{'type': 'Polygon', 'coordinates': [[[82.4825, 18.1145], [84.4825, 18.1145], [84.4825, 20.1145], [82.4825, 20.1145], [82.4825, 18.1145]]]}","[[[84.03468793383188, 18.607709909251167], [83.81704373908981, 18.567520194163713], [83.8035237760233, 18.634774754902615], [84.02099716460211, 18.674584645899376], [84.02311888636481, 18.664027600730908], [84.02347419067766, 18.66409322073066], [84.02416013082681, 18.660770432691148], [84.03468793383188, 18.607709909251167]]]",https://api.planet.com/data/v1/item-types/PSScene4Band/items/20190809_034843_1050,https://api.planet.com/data/v1/item-types/PSScene4Band/items/20190809_034843_1050/assets/,https://tiles.planet.com/data/v1/item-types/PSScene4Band/items/20190809_034843_1050/thumb,20190809_034843_1050,2019-08-09T03:48:43.975678Z,0.0,71,86,0.05,6,8154,32644,True,3.5,0,PS2,PSScene4Band,8,795801,2067516,3,planetscope,2019-08-10T04:36:39Z,finalized,standard,4071,1050,0,0,2586865,87.7,51.9,2019-08-10T04:36:39Z,5.0,55,94
68,assets.analytic_sr:download,83.4825,19.1145,"{'type': 'Polygon', 'coordinates': [[[82.4825, 18.1145], [84.4825, 18.1145], [84.4825, 20.1145], [82.4825, 20.1145], [82.4825, 18.1145]]]}","[[[83.74339357968357, 18.940470182018572], [83.96092423447838, 18.98001787371414], [83.97495091642476, 18.91320461801075], [83.75714646416229, 18.87329218110365], [83.74530079130322, 18.930048075817183], [83.7455733113538, 18.930098019034826], [83.74339357968357, 18.940470182018572]]]",https://api.planet.com/data/v1/item-types/PSScene4Band/items/20190809_034848_1050,https://api.planet.com/data/v1/item-types/PSScene4Band/items/20190809_034848_1050/assets/,https://tiles.planet.com/data/v1/item-types/PSScene4Band/items/20190809_034848_1050/thumb,20190809_034848_1050,2019-08-09T03:48:48.678542Z,0.0,76,92,0.24,1,8153,32644,True,3.5,0,PS2,PSScene4Band,7,788931,2101239,3,planetscope,2019-08-10T04:36:34Z,finalized,standard,4057,1050,0,0,2586865,88.1,51.8,2019-08-10T04:36:34Z,5.0,60,99
69,assets.analytic_sr:download,83.4825,19.1145,"{'type': 'Polygon', 'coordinates': [[[82.4825, 18.1145], [84.4825, 18.1145], [84.4825, 20.1145], [82.4825, 20.1145], [82.4825, 18.1145]]]}","[[[83.87562247535436, 19.39503023392554], [83.65745688734799, 19.354945938799798], [83.64584885102212, 19.41062642383301], [83.64594249665296, 19.41064358638784], [83.64359200949283, 19.42212163368846], [83.86211397679791, 19.46191767857505], [83.86607933934548, 19.4427369900484], [83.87562247535436, 19.39503023392554]]]",https://api.planet.com/data/v1/item-types/PSScene4Band/items/20190809_034856_1050,https://api.planet.com/data/v1/item-types/PSScene4Band/items/20190809_034856_1050/assets/,https://tiles.planet.com/data/v1/item-types/PSScene4Band/items/20190809_034856_1050/thumb,20190809_034856_1050,2019-08-09T03:48:56.203123Z,0.0,52,35,0.15,19,8145,32644,True,3.5,0,PS2,PSScene4Band,44,777603,2154444,3,planetscope,2019-08-10T04:36:33Z,finalized,standard,4066,1050,2,0,2586865,88.7,51.8,2019-08-10T04:36:33Z,5.0,52,81
70,assets.analytic_sr:download,83.4825,19.1145,"{'type': 'Polygon', 'coordinates': [[[82.4825, 18.1145], [84.4825, 18.1145], [84.4825, 20.1145], [82.4825, 20.1145], [82.4825, 18.1145]]]}","[[[83.83723328780195, 18.469827859721008], [83.82819911851156, 18.51484032488765], [84.045714566735, 18.55456966449081], [84.04801073042928, 18.543077560935856], [84.04833028065883, 18.543136547651294], [84.05197781625085, 18.52528636777085], [84.05941242399479, 18.487720230276732], [83.84183055606584, 18.44759033822269], [83.83723328780195, 18.469827859721008]]]",https://api.planet.com/data/v1/item-types/PSScene4Band/items/20190809_034842_1050,https://api.planet.com/data/v1/item-types/PSScene4Band/items/20190809_034842_1050/assets/,https://tiles.planet.com/data/v1/item-types/PSScene4Band/items/20190809_034842_1050/thumb,20190809_034842_1050,2019-08-09T03:48:42.094533Z,0.0,78,86,0.08,10,8162,32644,True,3.5,0,PS2,PSScene4Band,4,798615,2054265,3,planetscope,2019-08-10T04:36:33Z,finalized,standard,4068,1050,0,0,2586865,87.5,51.9,2019-08-10T04:36:33Z,5.0,55,90
71,assets.analytic_sr:download,83.4825,19.1145,"{'type': 'Polygon', 'coordinates': [[[82.4825, 18.1145], [84.4825, 18.1145], [84.4825, 20.1145], [82.4825, 20.1145], [82.4825, 18.1145]]]}","[[[83.86486976262171, 18.334660082431103], [84.08168617646757, 18.374473243346912], [84.09549220559647, 18.307602181543178], [83.87825163882927, 18.267359007100605], [83.86676829301248, 18.322661432139608], [83.86733246400235, 18.322765868915234], [83.86486976262171, 18.334660082431103]]]",https://api.planet.com/data/v1/item-types/PSScene4Band/items/20190809_034839_1050,https://api.planet.com/data/v1/item-types/PSScene4Band/items/20190809_034839_1050/assets/,https://tiles.planet.com/data/v1/item-types/PSScene4Band/items/20190809_034839_1050/thumb,20190809_034839_1050,2019-08-09T03:48:39.272815Z,0.0,75,94,0.01,1,8149,32644,True,3.5,0,PS2,PSScene4Band,4,802806,2034381,3,planetscope,2019-08-10T04:36:33Z,finalized,standard,4073,1050,0,0,2586865,87.3,51.9,2019-08-10T04:36:33Z,5.1,59,99
72,assets.analytic_sr:download,83.4825,19.1145,"{'type': 'Polygon', 'coordinates': [[[82.4825, 18.1145], [84.4825, 18.1145], [84.4825, 20.1145], [82.4825, 20.1145], [82.4825, 18.1145]]]}","[[[83.5666753376584, 19.807890258999066], [83.56165301019509, 19.833100937563938], [83.56178834679464, 19.83312573771348], [83.5595335003401, 19.844219119325345], [83.77840484123264, 19.884054409794633], [83.79168214988628, 19.820223803998907], [83.79226799518783, 19.817288401776846], [83.57303090969694, 19.77706811239473], [83.5666753376584, 19.807890258999066]]]",https://api.planet.com/data/v1/item-types/PSScene4Band/items/20190809_034902_1050,https://api.planet.com/data/v1/item-types/PSScene4Band/items/20190809_034902_1050/assets/,https://tiles.planet.com/data/v1/item-types/PSScene4Band/items/20190809_034902_1050/thumb,20190809_034902_1050,2019-08-09T03:49:02.787132Z,0.01,57,50,0.3,35,8147,32644,True,3.5,0,PS2,PSScene4Band,14,768072,2201052,3,planetscope,2019-08-10T04:36:31Z,finalized,standard,4064,1050,1,0,2586865,89.2,51.7,2019-08-10T04:36:31Z,5.0,51,65
73,assets.analytic_sr:download,83.4825,19.1145,"{'type': 'Polygon', 'coordinates': [[[82.4825, 18.1145], [84.4825, 18.1145], [84.4825, 20.1145], [82.4825, 20.1145], [82.4825, 18.1145]]]}","[[[83.76787250611314, 18.817719327706286], [83.984366660285, 18.857276974806055], [83.9980163831304, 18.790422240083412], [83.78123889105423, 18.75052899749059], [83.7691340612181, 18.807226069054153], [83.76998720635545, 18.807382809672617], [83.76787250611314, 18.817719327706286]]]",https://api.planet.com/data/v1/item-types/PSScene4Band/items/20190809_034846_1050,https://api.planet.com/data/v1/item-types/PSScene4Band/items/20190809_034846_1050/assets/,https://tiles.planet.com/data/v1/item-types/PSScene4Band/items/20190809_034846_1050/thumb,20190809_034846_1050,2019-08-09T03:48:46.797397Z,0.0,80,98,0.21,1,8109,32644,True,3.5,0,PS2,PSScene4Band,1,791724,2087685,3,planetscope,2019-08-10T04:36:22Z,finalized,standard,4058,1050,0,0,2586865,87.9,51.9,2019-08-10T04:36:22Z,5.0,58,99
74,assets.analytic_sr:download,83.4825,19.1145,"{'type': 'Polygon', 'coordinates': [[[82.4825, 18.1145], [84.4825, 18.1145], [84.4825, 20.1145], [82.4825, 20.1145], [82.4825, 18.1145]]]}","[[[83.63182851086916, 19.48235452603649], [83.84980050742661, 19.521946475127642], [83.86360200325204, 19.45513640691365], [83.64502869523454, 19.41510591916799], [83.63367442877086, 19.47055179002613], [83.6343167192966, 19.470669486195277], [83.63182851086916, 19.48235452603649]]]",https://api.planet.com/data/v1/item-types/PSScene4Band/items/20190809_034857_1050,https://api.planet.com/data/v1/item-types/PSScene4Band/items/20190809_034857_1050/assets/,https://tiles.planet.com/data/v1/item-types/PSScene4Band/items/20190809_034857_1050/thumb,20190809_034857_1050,2019-08-09T03:48:57.143696Z,0.0,48,23,0.24,25,8133,32644,True,3.5,0,PS2,PSScene4Band,51,776265,2161071,3,planetscope,2019-08-10T04:36:21Z,finalized,standard,4060,1050,1,0,2586865,88.7,51.8,2019-08-10T04:36:21Z,5.0,49,76
75,assets.analytic_sr:download,83.4825,19.1145,"{'type': 'Polygon', 'coordinates': [[[82.4825, 18.1145], [84.4825, 18.1145], [84.4825, 20.1145], [82.4825, 20.1145], [82.4825, 18.1145]]]}","[[[84.47281892595967, 20.0313003433721], [84.50647485748061, 19.873741098476], [84.75628127504866, 19.92121996765476], [84.72324503829935, 20.078379620103483], [84.47281892595967, 20.0313003433721]]]",https://api.planet.com/data/v1/item-types/PSScene4Band/items/20190809_052015_77_106b,https://api.planet.com/data/v1/item-types/PSScene4Band/items/20190809_052015_77_106b/assets/,https://tiles.planet.com/data/v1/item-types/PSScene4Band/items/20190809_052015_77_106b/thumb,20190809_052015_77_106b,2019-08-09T05:20:15.777297Z,0.0,79,50,0.27,46,9835,32645,True,4.0,0,PS2.SD,PSScene4Band,5,235629,2221782,3,planetscope,2019-08-10T04:03:45Z,finalized,test,7447,106b,0,0,2586744,102.0,73.8,2019-08-10T04:03:45Z,3.0,68,54
